Sample	Target	N	Cq	sd	se	ci	Delcq	Rel.levels	Sampletype	RepNo	CellLine	Rel.Norm.Levels
HEK_DMSO_1	ACTB	3	15.209977961567066	0.04593492390483818	0.0265205406816633	0.11410867675839026	0	1	DMSO	1	HEK	1
HEK_SMG1i_1	ACTB	3	15.889327885521332	0.01011542162282825	0.005840141396906451	0.02512810032352238	0	1	SMG1i	1	HEK	1
HEK_DMSO_1	BRD2	3	16.832754849159635	0.06801835483853007	0.03927041547586082	0.16896696034560807	1.6227768875925683	0.32470986309435856	DMSO	1	HEK	1
HEK_SMG1i_1	BRD2	3	15.726972248006634	0.027604929984899506	0.015937713757742503	0.06857444760571633	-0.16235563751469861	1.1191129386048198	SMG1i	1	HEK	3.4465012178567944
HEK_DMSO_1	CAPN1	3	22.88682466169823	0.052837372057362046	0.03050567098059039	0.1312553085174762	7.676846700131165	0.00488696097700769	DMSO	1	HEK	1
HEK_SMG1i_1	CAPN1	3	23.0719915354721	0.03835934809711771	0.02214677994980947	0.09528990320620837	7.182663649950769	0.0068833965940002274	SMG1i	1	HEK	1.4085229299733357
HEK_DMSO_1	DAZAP1	3	18.1860412282151	0.033015669328006474	0.01906160557400021	0.08201546925637956	2.9760632666480333	0.1270912606936884	DMSO	1	HEK	1
HEK_SMG1i_1	DAZAP1	3	18.251269663404166	0.03262630864382944	0.01883680807817874	0.08104824369734248	2.3619417778828335	0.1945291444951589	SMG1i	1	HEK	1.5306256577626316
HEK_DMSO_1	EIF4G1	3	18.9013115229667	0.030525972103320996	0.017624178211127384	0.07583071848969823	3.6913335613996345	0.07741014376405463	DMSO	1	HEK	1
HEK_SMG1i_1	EIF4G1	3	19.1767680587519	0.033604055843341994	0.01940131068701672	0.08347710238820989	3.287440173230568	0.10241932255677168	SMG1i	1	HEK	1.3230736642079466
HEK_DMSO_1	EPHA2	3	22.0833905625459	0.015138791833025574	0.008740385540003023	0.03760684370275673	6.873412600978835	0.008528970937068232	DMSO	1	HEK	1
HEK_SMG1i_1	EPHA2	3	22.188404390256732	0.0414527210989022	0.023932739685093664	0.10297426773645153	6.2990765047354	0.012699570317105408	SMG1i	1	HEK	1.4889920965624472
HEK_DMSO_1	FOXK1	3	22.6971304291753	0.16543040468728779	0.09551128867835433	0.4109519069538101	7.487152467608233	0.005573686340767273	DMSO	1	HEK	1
HEK_SMG1i_1	FOXK1	3	22.640295622476366	0.15816075015995745	0.09131415168008458	0.3928930839910723	6.750967736955033	0.009284450634464125	SMG1i	1	HEK	1.6657648218478738
HEK_DMSO_1	MAPK3	3	20.7883668762641	0.05949509851286891	0.03434951114186817	0.14779401788011864	5.578388914697033	0.02092847623081147	DMSO	1	HEK	1
HEK_SMG1i_1	MAPK3	3	20.620068520789967	0.04309668437805195	0.024881882326848632	0.10705809891492016	4.730740635268635	0.03766215505936301	SMG1i	1	HEK	1.7995650827132732
HEK_DMSO_1	MYH9	3	21.40096554467617	0.06849097175933569	0.03954328098231152	0.17014100586179262	6.190987583109102	0.013687591477861012	DMSO	1	HEK	1
HEK_SMG1i_1	MYH9	3	21.379277412763965	0.03841421250833738	0.022178455932396077	0.09542619395915213	5.489949527242633	0.022251562764610936	SMG1i	1	HEK	1.6256740859487016
HEK_DMSO_1	NOC2L	3	19.7896797484974	0.07030984510178899	0.04059340799619877	0.17465933772467826	4.5797017869303325	0.04181887938812541	DMSO	1	HEK	1
HEK_SMG1i_1	NOC2L	3	20.191040756596966	0.08005829786029538	0.04622167982050478	0.19887583685330049	4.301712871075633	0.05070553776759179	SMG1i	1	HEK	1.2125035034293572
HEK_DMSO_1	SLC7A5	3	22.38816672333333	0.11519815922201992	0.06650968823698258	0.2861680916476388	7.178188761766265	0.006904780358036281	DMSO	1	HEK	1
HEK_SMG1i_1	SLC7A5	3	21.686038813333333	0.06659774547869089	0.03845022627954437	0.1654379710611661	5.796710927812001	0.01798937746476674	SMG1i	1	HEK	2.605351152673438
HEK_DMSO_1	SRSF3_NOR	3	19.721087699911166	0.40300173202709394	0.23267315846972814	1.001111800429205	4.5111097383441	0.04385515547717342	DMSO	1	HEK	1
HEK_SMG1i_1	SRSF3_NOR	3	19.9551867409526	0.10925966794480067	0.0630810986994998	0.27141606151499803	4.065858855431266	0.05971102500417413	SMG1i	1	HEK	1.3615508679533397
HEK_DMSO_1	SRSF3_PTC	3	20.6554133740378	0.20397336097963095	0.11776407486910265	0.5066979182019645	5.445435412470733	0.022948832778917887	DMSO	1	HEK	1
HEK_SMG1i_1	SRSF3_PTC	3	18.367845911755467	0.04153321004023474	0.023979209997038797	0.10317421335099457	2.478518026234134	0.17942862510609278	SMG1i	1	HEK	7.818638395889407
HEK_DMSO_1	NA	3	30.83665129	1.9371056716587849	1.1183884809809503	4.81203725061304	15.626673328432933	1.976526291738046e-5	DMSO	1	HEK	1
HEK_SMG1i_1	NA	3	29.723928306666668	2.0318799937744707	1.173106461366706	5.047469718286189	13.834600421145336	6.844950237985725e-5	SMG1i	1	HEK	3.4631212681550823
HEK_DMSO_1	USF2	3	18.91307926	0.11522100273104191	0.06652287694306566	0.28622483806986904	3.7031012984329337	0.07678129491121084	DMSO	1	HEK	1
HEK_SMG1i_1	USF2	3	19.301026976666666	0.018966608058002137	0.01095037626790166	0.047115666340870804	3.4116990911453335	0.09396718945955139	SMG1i	1	HEK	1.2238291835037967
HEK_DMSO_2	ACTB	3	14.935215658566733	0.04309848175209366	0.02488292004123545	0.1070625638395593	0	1	DMSO	2	HEK	1
HEK_SMG1i_2	ACTB	3	15.3552637813772	0.07123254226746069	0.041126127453179825	0.17695144455044845	0	1	SMG1i	2	HEK	1
HEK_DMSO_2	BRD2	3	18.5619771916233	0.050858634800699076	0.029363246492800484	0.12633985267655432	3.626761533056566	0.08095356735544168	DMSO	2	HEK	1
HEK_SMG1i_2	BRD2	3	16.8407261546571	0.02733975395806157	0.015784614307264983	0.06791571383719609	1.4854623732799013	0.357134057720657	SMG1i	2	HEK	4.411591352763907
HEK_DMSO_2	CAPN1	3	21.05690022101537	0.07884617212664259	0.04552185870188867	0.19586474960695058	6.121684562448635	0.014361153450474978	DMSO	2	HEK	1
HEK_SMG1i_2	CAPN1	3	21.330127258677834	0.05079133385004518	0.029324390270823737	0.12617266784699832	5.974863477300634	0.015899624704556588	SMG1i	2	HEK	1.1071272763282622
HEK_DMSO_2	DAZAP1	3	18.977540812145367	0.07291507555216166	0.04209753849802244	0.1811310889342493	4.042325153578634	0.060693037976178685	DMSO	2	HEK	1
HEK_SMG1i_2	DAZAP1	3	19.2461973657758	0.05588134748829813	0.032263111015047946	0.13881696267910598	3.8909335843985993	0.06740813009578497	SMG1i	2	HEK	1.1106402372252626
HEK_DMSO_2	EIF4G1	3	19.709059037954333	0.017488940916043395	0.010097244745719115	0.04344493766811676	4.7738433793876	0.036553582584676364	DMSO	2	HEK	1
HEK_SMG1i_2	EIF4G1	3	19.9419697521921	0.011546739118341654	0.006666512938236936	0.028683690091615262	4.586705970814901	0.04161634368915384	SMG1i	2	HEK	1.1385024598546418
HEK_DMSO_2	EPHA2	3	20.817004692174432	0.0707637771804343	0.04085548580399845	0.17578696751981432	5.881789033607699	0.01695918870939345	DMSO	2	HEK	1
HEK_SMG1i_2	EPHA2	3	19.381286165284298	0.023314095282969693	0.013460399187535136	0.057915423307765494	4.026022383907097	0.061382772321862435	SMG1i	2	HEK	3.6194403738112424
HEK_DMSO_2	FOXK1	3	22.099433625116667	0.12727678156352273	0.07348328409728905	0.3161730529121559	7.164217966549934	0.006971969789646036	DMSO	2	HEK	1
HEK_SMG1i_2	FOXK1	3	21.9259138054005	0.06945553450782554	0.04010017154480242	0.17253711256066584	6.570650024023301	0.010520521100851445	SMG1i	2	HEK	1.5089739941896059
HEK_DMSO_2	MAPK3	3	21.305412296725635	0.02189874382386375	0.012643245641622392	0.05439949537281957	6.370196638158902	0.012088703719286184	DMSO	2	HEK	1
HEK_SMG1i_2	MAPK3	3	20.692901207674133	0.037168811938354106	0.02145942357806732	0.09233244743702132	5.337637426296933	0.024729254761794196	SMG1i	2	HEK	2.0456498344269467
HEK_DMSO_2	MYH9	3	21.558069214077133	0.07871855646925591	0.04544817976774366	0.1955477347398265	6.6228535555104	0.010146643992882877	DMSO	2	HEK	1
HEK_SMG1i_2	MYH9	3	21.016171223247035	0.030127104730616708	0.017393892026125606	0.07483987700717674	5.660907441869835	0.019765010860684686	SMG1i	2	HEK	1.9479357780314737
HEK_DMSO_2	NOC2L	3	20.096715491288034	0.08090438888816875	0.0467101707032064	0.20097764348321434	5.161499832721301	0.027940471313830508	DMSO	2	HEK	1
HEK_SMG1i_2	NOC2L	3	20.382501633184965	0.16908606025446743	0.09762188240413006	0.42003305880941116	5.027237851807765	0.030665539614281204	SMG1i	2	HEK	1.0975312216405522
HEK_DMSO_2	SLC7A5	3	19.754779216666666	0.057393940016178834	0.03313640671819409	0.1425744508201262	4.819563558099933	0.035413332982588926	DMSO	2	HEK	1
HEK_SMG1i_2	SLC7A5	3	19.273093713333335	0.23403067623718735	0.1351176739241703	0.581364428547229	3.9178299319561347	0.06616307366770334	SMG1i	2	HEK	1.8683097041510501
HEK_DMSO_2	SRSF3_NOR	3	20.961539041702732	0.038196333799714544	0.022052663601321996	0.09488495324247469	6.026323383135999	0.01534249173864643	DMSO	2	HEK	1
HEK_SMG1i_2	SRSF3_NOR	3	21.12953752542827	0.19752388120213896	0.11404046598343459	0.4906765222655255	5.774273744051069	0.018271340027977506	SMG1i	2	HEK	1.190897824109858
HEK_DMSO_2	SRSF3_PTC	3	21.814541719143232	0.11207747500749747	0.06470796036567222	0.2784158823038796	6.879326060576499	0.008494083106126421	DMSO	2	HEK	1
HEK_SMG1i_2	SRSF3_PTC	3	18.926598386290234	0.0762369936381582	0.04401544879919842	0.18938319092701877	3.5713346049130337	0.08412424109376254	SMG1i	2	HEK	9.903863671063837
HEK_DMSO_2	NA	3	32.78434350333333	0.38825254730232756	0.22415771269855675	0.9644727944368409	17.8491278447666	4.235231189904708e-6	DMSO	2	HEK	1
HEK_SMG1i_2	NA	3	30.582298843333334	0.4650449560479266	0.2684938305595481	1.1552357129779292	15.227035061956133	2.6073882334596746e-5	SMG1i	2	HEK	6.15642480078718
HEK_DMSO_2	USF2	3	20.951212006666665	0.04771989916575879	0.027551096629052637	0.11854280111858452	6.015996348099932	0.015452709683912023	DMSO	2	HEK	1
HEK_SMG1i_2	USF2	3	21.15819322	0.20794132882628505	0.12005498217350417	0.5165548967688507	5.802929438622801	0.017912003946300315	SMG1i	2	HEK	1.1591497098368897
HEK_DMSO_3	ACTB	3	15.563427657008633	0.0350507444943147	0.02023655676908939	0.08707087622325241	0	1	DMSO	3	HEK	1
HEK_SMG1i_3	ACTB	3	16.012349850744332	3.425958144638382e-4	1.9779778570393607e-4	8.510551825974396e-4	0	1	SMG1i	3	HEK	1
HEK_DMSO_3	BRD2	3	17.112981347502	0.08115497774664449	0.046854848248103285	0.2016001407166984	1.5495536904933669	0.34161572946256885	DMSO	3	HEK	1
HEK_SMG1i_3	BRD2	3	15.857158702273667	0.12996440897941672	0.07503498650933686	0.3228494895311123	-0.1551911484706654	1.1135691497120526	SMG1i	3	HEK	3.2597127522901936
HEK_DMSO_3	CAPN1	3	22.952564918145868	0.0814746252738255	0.04703939683396704	0.20239418919343646	7.389137261137234	0.005965516377233169	DMSO	3	HEK	1
HEK_SMG1i_3	CAPN1	3	23.065681920263934	0.08098556721302645	0.046757039030915354	0.20117930162137007	7.053332069519602	0.0075289684578746735	SMG1i	3	HEK	1.2620816006152078
HEK_DMSO_3	DAZAP1	3	18.2554011375782	0.03369422139428826	0.019453367792127176	0.08370108603361626	2.691973480569567	0.15475163095265632	DMSO	3	HEK	1
HEK_SMG1i_3	DAZAP1	3	18.3046104299711	0.110220176962534	0.0636356488394472	0.27380209818842566	2.2922605792267667	0.2041553699539964	SMG1i	3	HEK	1.3192453526803498
HEK_DMSO_3	EIF4G1	3	19.026836849145234	0.014228856928871894	0.00821503437814486	0.03534644009211066	3.4634091921366004	0.09065879575440536	DMSO	3	HEK	1
HEK_SMG1i_3	EIF4G1	3	19.170924585199465	0.021766219580966105	0.012566732734311284	0.05407028690331637	3.158574734455133	0.11198871499066937	SMG1i	3	HEK	1.2352768869117428
HEK_DMSO_3	EPHA2	3	22.1723719461541	0.027335050056650045	0.0157818985085188	0.06790402869830738	6.608944289145468	0.01024494259529836	DMSO	3	HEK	1
HEK_SMG1i_3	EPHA2	3	22.138990810643968	0.041073969000968	0.02371406705939522	0.10203339536656864	6.126640959899635	0.01431190017583995	SMG1i	3	HEK	1.3969722175318007
HEK_DMSO_3	FOXK1	3	22.897549795617834	0.04311696568915438	0.02489359174727314	0.10710848048467345	7.334122138609201	0.006197395955977112	DMSO	3	HEK	1
HEK_SMG1i_3	FOXK1	3	22.668486313219734	0.09552395227558635	0.05515077956036675	0.23729465222322282	6.656136462475402	0.009915240884116147	SMG1i	3	HEK	1.5999043718601422
HEK_DMSO_3	MAPK3	3	20.794424996383633	0.17056516006271533	0.0984758410765803	0.42370734642252245	5.2309973393749996	0.026626427075626707	DMSO	3	HEK	1
HEK_SMG1i_3	MAPK3	3	20.698261894511134	0.019883073873146542	0.011479498052978371	0.04939229363380102	4.685912043766802	0.03885079568255169	SMG1i	3	HEK	1.45910660758968
HEK_DMSO_3	MYH9	3	21.669035583710368	0.028573879778611016	0.016497137181973074	0.07098145232906779	6.105607926701735	0.014522081585207411	DMSO	3	HEK	1
HEK_SMG1i_3	MYH9	3	21.4925990671946	0.01240329861505464	0.007161047794241109	0.03081150183975787	5.480249216450268	0.022401680667237397	SMG1i	3	HEK	1.5425943268392295
HEK_DMSO_3	NOC2L	3	20.022639783433434	0.03820755138459394	0.02205914007697177	0.09491281926810835	4.4592121264248	0.045461461453735724	DMSO	3	HEK	1
HEK_SMG1i_3	NOC2L	3	20.192765690619968	0.0944506252487647	0.054531093912502764	0.2346283600788543	4.180415839875636	0.05515303776246348	SMG1i	3	HEK	1.2131822426912184
HEK_DMSO_3	SLC7A5	3	22.485052460000002	0.07703208047906271	0.044474492400823774	0.19135829613262612	6.921624802991369	0.008248658341878976	DMSO	3	HEK	1
HEK_SMG1i_3	SLC7A5	3	22.793781523333333	0.07336722622520707	0.04235858781081948	0.1822542934725547	6.781431672589001	0.00909045566383031	SMG1i	3	HEK	1.1020526353573736
HEK_DMSO_3	SRSF3_NOR	3	19.963939756088134	0.16087538283745337	0.0928814455871878	0.3996366053987897	4.400512099079501	0.04734933259950102	DMSO	3	HEK	1
HEK_SMG1i_3	SRSF3_NOR	3	19.988116850819132	0.18466079907479002	0.10661396205460143	0.4587228548636364	3.9757670000748	0.06355868118490113	SMG1i	3	HEK	1.3423353127805422
HEK_DMSO_3	SRSF3_PTC	3	20.825869405716702	0.026470596124641078	0.015282805798171392	0.06575660608573304	5.262441748708069	0.02605236674492296	DMSO	3	HEK	1
HEK_SMG1i_3	SRSF3_PTC	3	18.4413393650927	0.13528410820033412	0.07810631628654137	0.3360643549809621	2.428989514348366	0.18569546473088128	SMG1i	3	HEK	7.127777163165772
HEK_DMSO_3	NA	3	29.32359891	2.479960196942152	1.431805687284109	6.160562648863776	13.760171252991368	7.207351573205564e-5	DMSO	3	HEK	1
HEK_SMG1i_3	NA	3	33.28832589	2.6006171272496488	1.5014669984767361	6.4602910796246595	17.27597603925567	6.301051189362537e-6	SMG1i	3	HEK	0.0874253340545737
HEK_DMSO_3	USF2	3	19.001316376666665	0.04773405246648917	0.027559268041039246	0.11857795986667462	3.437888719658032	0.09227676772507186	DMSO	3	HEK	1
HEK_SMG1i_3	USF2	3	19.889894713333334	0.010176000047436233	0.005875116366660954	0.025278585472609492	3.8775448625890014	0.06803661322021395	SMG1i	3	HEK	0.7373103208699432
HEK_DMSO_4	ACTB	3	14.746513902088466	0.016058707569015025	0.009271499137808305	0.03989204107416069	0	1	DMSO	4	HEK	1
HEK_SMG1i_4	ACTB	3	15.1357868483363	0.13639266677280076	0.07874634287676745	0.33881816713651053	0	1	SMG1i	4	HEK	1
HEK_DMSO_4	BRD2	3	16.081903801941934	0.021115537009720475	0.012191060976645622	0.05245390178970643	1.3353898998534675	0.3962849546586473	DMSO	4	HEK	1
HEK_SMG1i_4	BRD2	3	14.6645935320071	0.06217918371916792	0.0358991684582528	0.15446165516263718	-0.4711933163292006	1.38625562684153	SMG1i	4	HEK	3.4981283304980013
HEK_DMSO_4	CAPN1	3	21.775575780562335	0.09236554436793468	0.05332727190467341	0.22944873203073482	7.029061878473868	0.007656698272714449	DMSO	4	HEK	1
HEK_SMG1i_4	CAPN1	3	21.824893414053367	0.019777208945434607	0.011418376908466145	0.04912931057452008	6.689106565717067	0.009691216138243417	SMG1i	4	HEK	1.265717387973771
HEK_DMSO_4	DAZAP1	3	16.964471674098466	0.05000458543469745	0.028870160861438215	0.12421827643877321	2.217957772009999	0.21494541296652683	DMSO	4	HEK	1
HEK_SMG1i_4	DAZAP1	3	17.273825084541432	0.03401111097080583	0.01963632407443298	0.08448828338110415	2.138038236205132	0.2271885077831195	SMG1i	4	HEK	1.0569590885779883
HEK_DMSO_4	EIF4G1	3	17.281896391148866	0.07947417807756403	0.04588443810670585	0.19742480287283817	2.5353824890603995	0.17249393131136334	DMSO	4	HEK	1
HEK_SMG1i_4	EIF4G1	3	17.888976319932933	0.03338174722247928	0.019272960744918455	0.08292485715947762	2.7531894715966327	0.14832261896573254	SMG1i	4	HEK	0.8598715203377217
HEK_DMSO_4	EPHA2	3	21.7274828225054	0.1094593639288953	0.06319639322967292	0.2719121338399726	6.9809689204169345	0.007916240068041735	DMSO	4	HEK	1
HEK_SMG1i_4	EPHA2	3	21.75074526775523	0.03625711963922604	0.02093305778374762	0.09006767821524492	6.614958419418931	0.010202323628283005	SMG1i	4	HEK	1.2887840111709479
HEK_DMSO_4	FOXK1	3	22.363607592910533	0.20072133429717287	0.11588651638857363	0.49861943608045206	7.617093690822067	0.005093617386560563	DMSO	4	HEK	1
HEK_SMG1i_4	FOXK1	3	22.358300711312697	0.1573677251931472	0.09085629850202259	0.39092310076465947	7.222513862976397	0.006695864910351194	SMG1i	4	HEK	1.3145598505333633
HEK_DMSO_4	MAPK3	3	20.021355622127167	0.02243556908910107	0.01295318185301495	0.055733043258815965	5.274841720038701	0.02582940606482389	DMSO	4	HEK	1
HEK_SMG1i_4	MAPK3	3	19.838415343087167	0.03452750191171248	0.01993446252317252	0.08577106959141659	4.702628494750867	0.03840323099791305	SMG1i	4	HEK	1.4868027124407242
HEK_DMSO_4	MYH9	3	21.766226027900032	0.2444894733253088	0.14115606323839686	0.6073455208133759	7.019712125811566	0.007706480595279013	DMSO	4	HEK	1
HEK_SMG1i_4	MYH9	3	21.6611030000369	0.13074529525101453	0.07548583140845035	0.32478931856697657	6.525316151700599	0.01085635677349511	SMG1i	4	HEK	1.4087308258643654
HEK_DMSO_4	SLC7A5	3	21.090786873136665	0.019843687670370532	0.011456758418203285	0.04929445288216249	6.344272971048198	0.0123078879846339	DMSO	4	HEK	1
HEK_SMG1i_4	SLC7A5	3	20.047501870875465	0.047618714130020445	0.02749267742143114	0.11829144355544209	4.911715022539164	0.03322205157142443	SMG1i	4	HEK	2.699248775492705
HEK_DMSO_4	SRSF3_NOR	3	18.516486800852068	0.05477358284432525	0.031623542799651454	0.13606512275126928	3.7699728987636014	0.07330356133213134	DMSO	4	HEK	1
HEK_SMG1i_4	SRSF3_NOR	3	19.063259499168932	0.08534893130477982	0.04927622846386151	0.21201849891179186	3.927472650832632	0.06572232594833435	SMG1i	4	HEK	0.8965775298495098
HEK_DMSO_4	SRSF3_PTC	3	20.139175847976833	0.0669231855770086	0.0386381192079132	0.16624640908231283	5.392661945888367	0.02380383864975323	DMSO	4	HEK	1
HEK_SMG1i_4	SRSF3_PTC	3	18.1319213658481	0.07974345417187369	0.046039904732241864	0.1980937217735856	2.9961345175118	0.12533536761872147	SMG1i	4	HEK	5.265342681190657
HEK_DMSO_4	USF2	3	18.504921582075166	0.08070096610180241	0.04659272450273849	0.20047231326817241	3.7584076799867	0.07389355355928535	DMSO	4	HEK	1
HEK_SMG1i_4	USF2	3	18.788178013408835	0.06970359561888957	0.04024338969405072	0.1731533305214787	3.652391165072535	0.0795281176776855	SMG1i	4	HEK	1.076252444861506
HEK_DMSO_4	DYNC1H1	3	19.5517706775189	0.028356337116529413	0.016371538867460036	0.07044104639827634	4.805256775430433	0.035766263659344044	DMSO	4	HEK	1
HEK_SMG1i_4	DYNC1H1	3	18.9419377082811	0.09392034863662578	0.0542249385677394	0.2333110799489808	3.8061508599447986	0.07148821004483842	SMG1i	4	HEK	1.9987609196679932
HEK_DMSO_4	FNBP4	3	20.137625527263868	0.02436676513946352	0.014068158412549653	0.06053040019630462	5.391111625175402	0.02382943201388662	DMSO	4	HEK	1
HEK_SMG1i_4	FNBP4	3	18.844615648820433	0.061019460514362134	0.03522960195377272	0.15158074301438718	3.7088288004841328	0.07647707729646493	SMG1i	4	HEK	3.2093537626871615
HEK_DMSO_4	PCNT	3	20.942479748779167	0.10144543027467615	0.05856954647714169	0.25200441903006165	6.195965846690701	0.013640441521498568	DMSO	4	HEK	1
HEK_SMG1i_4	PCNT	3	20.120781413432265	0.023045923027383338	0.013305569863583167	0.05724924649441829	4.984994565095965	0.031576726657965945	SMG1i	4	HEK	2.314934352249388
HEK_DMSO_5	ACTB	3	14.916977411299	0.061555465506026086	0.035539064579996886	0.152912253227866	0	1	DMSO	5	HEK	1
HEK_SMG1i_5	ACTB	3	15.018783418836467	0.12067237026072311	0.06967022545377868	0.29976678573096127	0	1	SMG1i	5	HEK	1
HEK_DMSO_5	BRD2	3	16.1930080181808	0.14579100851841068	0.08417247801353143	0.3621649422946976	1.2760306068818021	0.4129300720329701	DMSO	5	HEK	1
HEK_SMG1i_5	BRD2	3	14.7692889098509	0.2127203393518919	0.12281414518692335	0.5284266170403625	-0.2494945089855669	1.1887905139930017	SMG1i	5	HEK	2.8789148442017165
HEK_DMSO_5	CAPN1	3	21.825108702079135	0.0865715543873292	0.04998211022968885	0.21505566301840923	6.908131290780135	0.00832616987767024	DMSO	5	HEK	1
HEK_SMG1i_5	CAPN1	3	21.8781837250724	0.06112419598818258	0.035290071007776654	0.15184092035466257	6.8594003062359334	0.008612212864406025	SMG1i	5	HEK	1.034354690204306
HEK_DMSO_5	DAZAP1	3	17.004960636746333	0.05537676237291602	0.031971788662853	0.13756350376519738	2.087983225447333	0.23520926169564563	DMSO	5	HEK	1
HEK_SMG1i_5	DAZAP1	3	17.37278422557	0.08290124192243482	0.047863054340072035	0.20593810141045776	2.3540008067335343	0.19560283605591075	SMG1i	5	HEK	0.8316119639413497
HEK_DMSO_5	EIF4G1	3	17.525592898680166	0.07887054310111173	0.045535929290558844	0.1959252904637015	2.608615487381167	0.1639564442548814	DMSO	5	HEK	1
HEK_SMG1i_5	EIF4G1	3	17.8063044025628	0.06909812358237408	0.039893820250781704	0.17164925460216027	2.787520983726335	0.14483468207442426	SMG1i	5	HEK	0.88337291487774
HEK_DMSO_5	EPHA2	3	21.728558237625734	0.03874046689969135	0.02236681899306859	0.09623665479633868	6.811580826326734	0.008902456359052954	DMSO	5	HEK	1
HEK_SMG1i_5	EPHA2	3	21.7884593252544	0.031778679810669355	0.018347429343180878	0.07894261694732257	6.769675906417934	0.00916483163914261	SMG1i	5	HEK	1.0294722343483151
HEK_DMSO_5	FOXK1	3	22.6879267869856	0.0578836058779813	0.03341911543531871	0.14379084825358643	7.7709493756866	0.004578372698341177	DMSO	5	HEK	1
HEK_SMG1i_5	FOXK1	3	22.192302598531	0.15415908429532846	0.0890037888159341	0.38295239490692345	7.173519179694534	0.00692716532067214	SMG1i	5	HEK	1.5130190958857435
HEK_DMSO_5	MAPK3	3	20.070134367969466	0.08872512178677855	0.05122547294747893	0.22040542101017743	5.1531569566704665	0.028102514701245557	DMSO	5	HEK	1
HEK_SMG1i_5	MAPK3	3	19.755647842516368	0.013557732191709094	0.007827560330484101	0.03367927382323602	4.736864423679901	0.037502629818608496	SMG1i	5	HEK	1.3344937354288193
HEK_DMSO_5	MYH9	3	21.864919097667066	0.11740327508913491	0.06778281247645573	0.2916459031319181	6.9479416863680665	0.008099554728531869	DMSO	5	HEK	1
HEK_SMG1i_5	MYH9	3	21.54164953228233	0.310994443368721	0.1795527255954089	0.7725530249170423	6.522866113445865	0.010874809105213839	SMG1i	5	HEK	1.3426428328097753
HEK_DMSO_5	SLC7A5	3	21.191848822502532	0.08906743012948455	0.051423104761286094	0.22125576207334016	6.274871411203533	0.01291443724607467	DMSO	5	HEK	1
HEK_SMG1i_5	SLC7A5	3	20.0029157841899	0.07135393795812733	0.04119621528786467	0.17725300816367745	4.984132365353432	0.03159560353896511	SMG1i	5	HEK	2.446533514154367
HEK_DMSO_5	SRSF3_NOR	3	18.7408121116702	0.1276735806424997	0.0737123761523506	0.31715875646823044	3.823834700371199	0.07061729156253611	DMSO	5	HEK	1
HEK_SMG1i_5	SRSF3_NOR	3	18.95723392922037	0.006344503246286194	0.003663000657117789	0.015760619776421927	3.938450510383902	0.06522412474584902	SMG1i	5	HEK	0.9236282403735195
HEK_DMSO_5	SRSF3_PTC	3	20.2009324937653	0.023851215652704153	0.013770505777588558	0.059249704273972144	5.283955082466301	0.025666758506775404	DMSO	5	HEK	1
HEK_SMG1i_5	SRSF3_PTC	3	18.0910775590077	0.0668781268119384	0.038612104517770564	0.16613447690475705	3.072294140171234	0.11889054237755406	SMG1i	5	HEK	4.632082479218006
HEK_DMSO_5	USF2	3	18.439332260110465	0.08754560603104668	0.05054447920839373	0.2174753414397602	3.5223548488114655	0.0870293089667367	DMSO	5	HEK	1
HEK_SMG1i_5	USF2	3	18.7850538265898	0.03595701060822202	0.020759789753911212	0.08932216605369099	3.766270407753332	0.07349192708598248	SMG1i	5	HEK	0.8444503117228207
HEK_DMSO_5	DYNC1H1	3	19.553144425433434	0.11110785289073251	0.06414814877554575	0.27600720743747653	4.636167014134434	0.04021375834781804	DMSO	5	HEK	1
HEK_SMG1i_5	DYNC1H1	3	19.033629555724332	0.1201592214654609	0.06937395885869971	0.29849205345691115	4.014846136887865	0.06186013804441862	SMG1i	5	HEK	1.5382829306670633
HEK_DMSO_5	FNBP4	3	20.1239484837414	0.06222829456735323	0.03592752261967272	0.15458365327267037	5.206971072442402	0.027073569610693404	DMSO	5	HEK	1
HEK_SMG1i_5	FNBP4	3	18.805256437294567	0.11764331366177057	0.06792139881098282	0.2922421920024771	3.7864730184581	0.07246996368169827	SMG1i	5	HEK	2.6767790403624643
HEK_DMSO_5	PCNT	3	21.047116582738568	0.07131292752927207	0.041172537905725504	0.17715113261078302	6.130139171439568	0.014277239071103861	DMSO	5	HEK	1
HEK_SMG1i_5	PCNT	3	20.156379962807033	0.14647635267353679	0.08456816164598102	0.363867431555974	5.137596543970567	0.028407259243605456	SMG1i	5	HEK	1.9896885596809661
HEK_DMSO_6	ACTB	3	14.955856286666666	0.009594326011999292	0.00553928670572082	0.02383362706523459	0	1	DMSO	6	HEK	1
HEK_SMG1i_6	ACTB	3	15.53318021	0.03747164211423871	0.021634262661633038	0.09308471929719225	0	1	SMG1i	6	HEK	1
HEK_DMSO_6	DYNC1H1	3	19.84776358	0.05133272754120236	0.0296369640641509	0.1275175643321056	4.8919072933333325	0.033681325053624124	DMSO	6	HEK	1
HEK_SMG1i_6	DYNC1H1	3	19.645925343333335	0.05409501968590449	0.031231774177475063	0.13437947841963183	4.112745133333336	0.057801665228818584	SMG1i	6	HEK	1.7161339447540263
HEK_DMSO_6	FNBP4	3	20.319521673333334	0.05203018289537654	0.030039640100631107	0.12925013947967184	5.363665386666668	0.024287109558347522	DMSO	6	HEK	1
HEK_SMG1i_6	FNBP4	3	18.833531303333334	0.013071521459881583	0.007546846433580602	0.03247145940844557	3.300351093333335	0.101506843898507	SMG1i	6	HEK	4.179453452649285
HEK_DMSO_6	PCNT	3	20.856347726666666	0.030678928522576736	0.01771248764095897	0.07621068329902571	5.90049144	0.016740756805165666	DMSO	6	HEK	1
HEK_SMG1i_6	PCNT	3	20.227545303333333	0.05116922798460951	0.029542567551139633	0.12711140891771883	4.694365093333333	0.03862382638952675	SMG1i	6	HEK	2.3071732562059957
HEK_DMSO_7	ACTB	3	14.98666525	0.03188337347999574	0.018407874261348916	0.07920269043947777	0	1	DMSO	7	HEK	1
HEK_SMG1i_7	ACTB	3	15.50883749	0.09188946547876899	0.0530524076298581	0.22826608650839014	0	1	SMG1i	7	HEK	1
HEK_DMSO_7	DYNC1H1	3	19.885091136666667	0.0054006772223615315	0.003118082448136711	0.013416025957059303	4.898425886666667	0.03352948451304345	DMSO	7	HEK	1
HEK_SMG1i_7	DYNC1H1	3	19.604175453333333	0.025313444003612615	0.014614723709602262	0.06288208086365435	4.095337963333334	0.05850330897173364	SMG1i	7	HEK	1.7448317449967061
HEK_DMSO_7	FNBP4	3	20.43121665	0.060801320873454745	0.03510365897337391	0.15103885410598145	5.4445514	0.022962899002557526	DMSO	7	HEK	1
HEK_SMG1i_7	FNBP4	3	18.819915956666666	0.02009362159204201	0.011601057835159932	0.04991532316243227	3.3110784666666664	0.10075487383592267	SMG1i	7	HEK	4.387724469140458
HEK_DMSO_7	PCNT	3	21.003986466666667	0.11535289533972684	0.06659902517619402	0.28655247747300433	6.017321216666668	0.01543852552770322	DMSO	7	HEK	1
HEK_SMG1i_7	PCNT	3	20.25204679	0.042860666617004224	0.024745617408974196	0.10647179829405863	4.743209300000002	0.03733805791375798	SMG1i	7	HEK	2.4184989587741246
HEK_DMSO_8	ACTB	3	15.08245467	0.03141520891391421	0.0181375793230967	0.07803970518556941	0	1	DMSO	8	HEK	1
HEK_SMG1i_8	ACTB	3	15.811211176666667	0.04678926987980684	0.02701379756029253	0.11623098981369201	0	1	SMG1i	8	HEK	1
HEK_DMSO_8	DYNC1H1	3	19.95954692666667	0.02522513529469921	0.014563738652739319	0.06266270986956658	4.877092256666668	0.034028980593194695	DMSO	8	HEK	1
HEK_SMG1i_8	DYNC1H1	3	19.801460606666666	0.0853684983388347	0.04928752549624033	0.21206710611899468	3.9902494299999987	0.06292384192796557	SMG1i	8	HEK	1.8491250937017323
HEK_DMSO_8	FNBP4	3	20.587753853333336	0.0664802140389836	0.03838236947119112	0.1651460067794729	5.505299183333335	0.022016070675100207	DMSO	8	HEK	1
HEK_SMG1i_8	FNBP4	3	18.88494579	0.04615127323003054	0.026645450022802105	0.11464611827601234	3.0737346133333325	0.1187718941797867	SMG1i	8	HEK	5.394781654390111
HEK_DMSO_8	PCNT	3	21.135494043333335	0.05010849778334056	0.02893015468389944	0.1244764090227541	6.053039373333334	0.015060992203044113	DMSO	8	HEK	1
HEK_SMG1i_8	PCNT	3	20.538009080000002	0.1438841578437016	0.08307155726318373	0.3574280626229762	4.726797903333335	0.037765222491059354	SMG1i	8	HEK	2.5074856942975035
