ensembl_gene_id	ensembl_transcript_id	ensembl_exon_id	rank	transcript_length
ENSG00000102128	ENST00000218249	ENSE00000675363	1	1029
ENSG00000105428	ENST00000222033	ENSE00000665652	1	1440
ENSG00000113212	ENST00000231137	ENSE00000766420	1	3740
ENSG00000119669	ENST00000238647	ENSE00001401427	1	4166
ENSG00000214042	ENST00000239347	ENSE00000813445	1	737
ENSG00000120324	ENST00000239446	ENSE00000814261	1	3295
ENSG00000121377	ENST00000240687	ENSE00000821984	1	1096
ENSG00000121381	ENST00000240691	ENSE00000821986	1	1075
ENSG00000122728	ENST00000242310	ENSE00003680431	1	6216
ENSG00000124089	ENST00000243911	ENSE00000845681	1	1084
ENSG00000124217	ENST00000244051	ENSE00000845634	1	5112
ENSG00000124575	ENST00000244534	ENSE00001989449	1	776
ENSG00000274618	ENST00000244537	ENSE00001773406	1	401
ENSG00000124610	ENST00000244573	ENSE00000848411	1	756
ENSG00000124657	ENST00000244623	ENSE00000848500	1	942
ENSG00000124766	ENST00000244745	ENSE00000848186	1	4869
ENSG00000127366	ENST00000247883	ENSE00000872187	1	1151
ENSG00000127529	ENST00000248072	ENSE00000873246	1	960
ENSG00000127780	ENST00000248384	ENSE00000875793	1	972
ENSG00000128519	ENST00000249284	ENSE00000882036	1	997
ENSG00000130037	ENST00000252321	ENSE00000893118	1	2910
ENSG00000130943	ENST00000253255	ENSE00001252785	1	7681
ENSG00000187272	ENST00000254072	ENSE00001272334	1	1006
ENSG00000132467	ENST00000254803	ENSE00000904388	1	2020
ENSG00000135973	ENST00000258456	ENSE00000921874	1	1725
ENSG00000136834	ENST00000259357	ENSE00000806532	1	969
ENSG00000136839	ENST00000259362	ENSE00001705431	1	957
ENSG00000136939	ENST00000259466	ENSE00000927036	1	936
ENSG00000138483	ENST00000261058	ENSE00000934129	1	1197
ENSG00000139223	ENST00000266594	ENSE00000937139	1	1064
ENSG00000140406	ENST00000267984	ENSE00000942934	1	4866
ENSG00000141200	ENST00000268919	ENSE00000946998	1	2267
ENSG00000141437	ENST00000269205	ENSE00001373615	1	1297
ENSG00000141965	ENST00000269856	ENSE00000951494	1	9540
ENSG00000142511	ENST00000270590	ENSE00000954608	1	1269
ENSG00000143878	ENST00000272233	ENSE00001402526	1	2367
ENSG00000146047	ENST00000274764	ENSE00000973630	1	569
ENSG00000146049	ENST00000274766	ENSE00000973635	1	1383
ENSG00000146383	ENST00000275198	ENSE00000975618	1	1038
ENSG00000197919	ENST00000276927	ENSE00000982229	1	878
ENSG00000148136	ENST00000277216	ENSE00000983309	1	957
ENSG00000165204	ENST00000277309	ENSE00000983751	1	951
ENSG00000149133	ENST00000278409	ENSE00000988940	1	945
ENSG00000150269	ENST00000279791	ENSE00000994295	1	933
ENSG00000150594	ENST00000280155	ENSE00000995573	1	3879
ENSG00000151005	ENST00000280605	ENSE00000997198	1	2660
ENSG00000151379	ENST00000281047	ENSE00000999265	1	1339
ENSG00000154165	ENST00000284311	ENSE00001014369	1	2704
ENSG00000156282	ENST00000286808	ENSE00001025582	1	1241
ENSG00000157240	ENST00000287934	ENSE00001031400	1	6894
ENSG00000162771	ENST00000294829	ENSE00001068444	1	2302
ENSG00000162975	ENST00000295082	ENSE00001070247	1	2292
ENSG00000163114	ENST00000295266	ENSE00001071770	1	1372
ENSG00000164379	ENST00000296839	ENSE00001083937	1	2661
ENSG00000164508	ENST00000297012	ENSE00001708511	1	500
ENSG00000164743	ENST00000297324	ENSE00001087083	1	1420
ENSG00000165496	ENST00000298283	ENSE00001634245	1	772
ENSG00000180447	ENST00000298743	ENSE00001468893	1	3145
ENSG00000166189	ENST00000299238	ENSE00001100752	1	2688
ENSG00000166329	ENST00000299415	ENSE00001102140	1	805
ENSG00000166603	ENST00000299766	ENSE00001104613	1	1714
ENSG00000167360	ENST00000300778	ENSE00001276439	1	1096
ENSG00000167825	ENST00000301532	ENSE00001117428	1	945
ENSG00000169271	ENST00000302005	ENSE00001128066	1	679
ENSG00000170604	ENST00000302165	ENSE00001156755	1	2534
ENSG00000170967	ENST00000302259	ENSE00001407353	1	2557
ENSG00000172199	ENST00000302270	ENSE00001142881	1	930
ENSG00000171450	ENST00000302625	ENSE00001143471	1	2490
ENSG00000171223	ENST00000302754	ENSE00001129119	1	1830
ENSG00000172216	ENST00000303004	ENSE00001172478	1	1839
ENSG00000168131	ENST00000303324	ENSE00001172800	1	1212
ENSG00000169564	ENST00000303577	ENSE00001129885	1	1727
ENSG00000168286	ENST00000303596	ENSE00001173220	1	1876
ENSG00000170468	ENST00000304061	ENSE00001130445	1	2462
ENSG00000168298	ENST00000304218	ENSE00001173828	1	787
ENSG00000170128	ENST00000304244	ENSE00001159564	1	1198
ENSG00000169676	ENST00000304374	ENSE00001130832	1	2376
ENSG00000170837	ENST00000304411	ENSE00001138190	1	2642
ENSG00000170950	ENST00000304801	ENSE00001167116	1	1626
ENSG00000171505	ENST00000304880	ENSE00001167199	1	936
ENSG00000168158	ENST00000304936	ENSE00001160302	1	1418
ENSG00000169860	ENST00000305097	ENSE00001131708	1	6309
ENSG00000168282	ENST00000305386	ENSE00001175172	1	2683
ENSG00000170920	ENST00000305444	ENSE00001153918	1	939
ENSG00000172238	ENST00000306011	ENSE00001175901	1	2212
ENSG00000168875	ENST00000306087	ENSE00001154585	1	2020
ENSG00000188581	ENST00000306271	ENSE00001176195	1	910
ENSG00000170748	ENST00000306904	ENSE00001423034	1	2151
ENSG00000198674	ENST00000307002	ENSE00001133915	1	999
ENSG00000171989	ENST00000307144	ENSE00001141625	1	1746
ENSG00000168348	ENST00000307169	ENSE00001177204	1	2891
ENSG00000172404	ENST00000307221	ENSE00001267800	1	2565
ENSG00000169515	ENST00000307522	ENSE00001134624	1	3236
ENSG00000172289	ENST00000307552	ENSE00001170605	1	930
ENSG00000173431	ENST00000308227	ENSE00001208085	1	634
ENSG00000172938	ENST00000309106	ENSE00001200401	1	966
ENSG00000175619	ENST00000309562	ENSE00001183564	1	930
ENSG00000173302	ENST00000309926	ENSE00001205329	1	1267
ENSG00000183434	ENST00000310125	ENSE00001330593	1	1693
ENSG00000173404	ENST00000310227	ENSE00001205563	1	2846
ENSG00000174599	ENST00000310754	ENSE00001201956	1	2023
ENSG00000174236	ENST00000310791	ENSE00001188797	1	1150
ENSG00000173349	ENST00000310981	ENSE00001206349	1	3746
ENSG00000174807	ENST00000311330	ENSE00001189286	1	2551
ENSG00000173456	ENST00000311413	ENSE00001206659	1	2783
ENSG00000172680	ENST00000311923	ENSE00001198383	1	1041
ENSG00000174957	ENST00000312298	ENSE00001190110	1	939
ENSG00000175514	ENST00000312457	ENSE00001185972	1	1429
ENSG00000175602	ENST00000312579	ENSE00001190339	1	963
ENSG00000176165	ENST00000313071	ENSE00003682345	1	3491
ENSG00000176200	ENST00000313253	ENSE00001270798	1	936
ENSG00000181752	ENST00000313447	ENSE00001271035	1	924
ENSG00000181761	ENST00000313472	ENSE00001271051	1	939
ENSG00000177673	ENST00000313965	ENSE00001271796	1	1413
ENSG00000236761	ENST00000314099	ENSE00002507203	1	2577
ENSG00000179817	ENST00000314254	ENSE00001233154	1	1444
ENSG00000181965	ENST00000314744	ENSE00001253137	1	1683
ENSG00000177733	ENST00000314940	ENSE00001273297	1	8713
ENSG00000178363	ENST00000315238	ENSE00001234570	1	1811
ENSG00000180340	ENST00000315323	ENSE00001253937	1	3779
ENSG00000180658	ENST00000315453	ENSE00002432871	1	1758
ENSG00000176219	ENST00000315519	ENSE00001254162	1	993
ENSG00000176246	ENST00000315683	ENSE00001254388	1	939
ENSG00000176907	ENST00000315792	ENSE00001254573	1	1829
ENSG00000179071	ENST00000316398	ENSE00001236152	1	2348
ENSG00000180919	ENST00000316529	ENSE00001255705	1	1152
ENSG00000177875	ENST00000316554	ENSE00001216889	1	2283
ENSG00000180475	ENST00000316770	ENSE00001256103	1	1037
ENSG00000176903	ENST00000316836	ENSE00001236700	1	2602
ENSG00000181023	ENST00000317121	ENSE00001256577	1	2076
ENSG00000181541	ENST00000317605	ENSE00001257263	1	2543
ENSG00000177938	ENST00000317658	ENSE00001276948	1	1070
ENSG00000178021	ENST00000317802	ENSE00001237961	1	3052
ENSG00000177174	ENST00000317861	ENSE00001277275	1	939
ENSG00000177383	ENST00000317897	ENSE00001277321	1	1701
ENSG00000177186	ENST00000317965	ENSE00002210392	1	939
ENSG00000176971	ENST00000318627	ENSE00001219478	1	2976
ENSG00000178597	ENST00000319098	ENSE00001279006	1	4646
ENSG00000176566	ENST00000319675	ENSE00001260087	1	3269
ENSG00000221840	ENST00000319760	ENSE00001260165	1	1071
ENSG00000176555	ENST00000319988	ENSE00001260482	1	930
ENSG00000177476	ENST00000320002	ENSE00001280080	1	930
ENSG00000176567	ENST00000320048	ENSE00001260566	1	918
ENSG00000177489	ENST00000320065	ENSE00001280164	1	954
ENSG00000176020	ENST00000320431	ENSE00001241276	1	2856
ENSG00000181803	ENST00000320704	ENSE00001261467	1	996
ENSG00000179674	ENST00000320767	ENSE00001222314	1	1289
ENSG00000186222	ENST00000320776	ENSE00001281162	1	1491
ENSG00000181867	ENST00000321339	ENSE00001262353	1	952
ENSG00000176787	ENST00000321522	ENSE00001282010	1	978
ENSG00000177202	ENST00000321762	ENSE00001242862	1	973
ENSG00000180828	ENST00000321870	ENSE00001242976	1	3263
ENSG00000180543	ENST00000322128	ENSE00001243223	1	4441
ENSG00000178718	ENST00000322177	ENSE00001243292	1	2355
ENSG00000180929	ENST00000322241	ENSE00001224327	1	2119
ENSG00000179673	ENST00000322329	ENSE00001263596	1	1098
ENSG00000180016	ENST00000322608	ENSE00001243905	1	1307
ENSG00000181609	ENST00000322641	ENSE00001112256	1	1065
ENSG00000177432	ENST00000323061	ENSE00001244607	1	1917
ENSG00000181467	ENST00000323534	ENSE00001226151	1	8402
ENSG00000175809	ENST00000323684	ENSE00001284854	1	1549
ENSG00000179412	ENST00000323770	ENSE00001226412	1	1718
ENSG00000181786	ENST00000324436	ENSE00001227362	1	1396
ENSG00000177602	ENST00000325418	ENSE00001287270	1	2797
ENSG00000179919	ENST00000326258	ENSE00001288391	1	951
ENSG00000178257	ENST00000327157	ENSE00001230959	1	431
ENSG00000177143	ENST00000327228	ENSE00001231082	1	1735
ENSG00000183161	ENST00000327470	ENSE00001308799	1	3291
ENSG00000184735	ENST00000327968	ENSE00001296626	1	3630
ENSG00000182890	ENST00000328078	ENSE00001309101	1	2485
ENSG00000185926	ENST00000328188	ENSE00001731289	1	930
ENSG00000185821	ENST00000328314	ENSE00001311597	1	939
ENSG00000184486	ENST00000328345	ENSE00001329549	1	4885
ENSG00000183310	ENST00000328782	ENSE00001619909	1	957
ENSG00000182782	ENST00000328880	ENSE00001294601	1	2065
ENSG00000185294	ENST00000329196	ENSE00002385813	1	2187
ENSG00000182103	ENST00000329203	ENSE00001313338	1	3925
ENSG00000189132	ENST00000329357	ENSE00001420065	1	2120
ENSG00000184814	ENST00000329447	ENSE00001312038	1	1896
ENSG00000185823	ENST00000329468	ENSE00001317509	1	7619
ENSG00000183640	ENST00000329621	ENSE00001315685	1	578
ENSG00000185112	ENST00000329759	ENSE00001331401	1	3155
ENSG00000185156	ENST00000329805	ENSE00001327011	1	2256
ENSG00000182631	ENST00000330120	ENSE00001294458	1	2533
ENSG00000184785	ENST00000330288	ENSE00001324955	1	1483
ENSG00000196981	ENST00000330689	ENSE00001293682	1	4217
ENSG00000184032	ENST00000330798	ENSE00001293539	1	414
ENSG00000182968	ENST00000330949	ENSE00001329627	1	4558
ENSG00000184270	ENST00000331128	ENSE00001433520	1	497
ENSG00000177613	ENST00000331173	ENSE00001324439	1	4110
ENSG00000184260	ENST00000331380	ENSE00001316918	1	494
ENSG00000184357	ENST00000331442	ENSE00001305578	1	797
ENSG00000183598	ENST00000331491	ENSE00001618286	1	469
ENSG00000183313	ENST00000332249	ENSE00001301590	1	1094
ENSG00000182170	ENST00000332314	ENSE00001330298	1	870
ENSG00000182591	ENST00000332378	ENSE00001329933	1	937
ENSG00000182810	ENST00000332395	ENSE00001300672	1	2317
ENSG00000186834	ENST00000332499	ENSE00001336971	1	3625
ENSG00000183691	ENST00000332822	ENSE00001291949	1	1913
ENSG00000183114	ENST00000332947	ENSE00001311821	1	2448
ENSG00000182308	ENST00000333141	ENSE00001308497	1	4710
ENSG00000276368	ENST00000333151	ENSE00001611885	1	476
ENSG00000182700	ENST00000333305	ENSE00001321228	1	3456
ENSG00000184897	ENST00000333762	ENSE00001300166	1	1516
ENSG00000182791	ENST00000333861	ENSE00001315117	1	2888
ENSG00000187026	ENST00000333892	ENSE00001339702	1	466
ENSG00000187003	ENST00000333999	ENSE00001332350	1	1491
ENSG00000186925	ENST00000334046	ENSE00001338564	1	330
ENSG00000186965	ENST00000334055	ENSE00001338566	1	394
ENSG00000186967	ENST00000334058	ENSE00001338568	1	342
ENSG00000244025	ENST00000334063	ENSE00001293210	1	552
ENSG00000186051	ENST00000334077	ENSE00001336146	1	668
ENSG00000241595	ENST00000334109	ENSE00001384985	1	967
ENSG00000186977	ENST00000334151	ENSE00001338619	1	485
ENSG00000186326	ENST00000334176	ENSE00001338679	1	2453
ENSG00000186150	ENST00000334179	ENSE00001331233	1	1505
ENSG00000186860	ENST00000334202	ENSE00002433973	1	799
ENSG00000186136	ENST00000334266	ENSE00001340074	1	945
ENSG00000186212	ENST00000334306	ENSE00001331297	1	3993
ENSG00000186306	ENST00000334438	ENSE00001338858	1	945
ENSG00000244624	ENST00000334664	ENSE00001337800	1	275
ENSG00000243489	ENST00000334670	ENSE00001433049	1	1237
ENSG00000186924	ENST00000334680	ENSE00001337805	1	296
ENSG00000186881	ENST00000334726	ENSE00001340278	1	960
ENSG00000186564	ENST00000334793	ENSE00001339047	1	2648
ENSG00000186603	ENST00000334815	ENSE00001339073	1	1785
ENSG00000184155	ENST00000334857	ENSE00001336708	1	930
ENSG00000186943	ENST00000335040	ENSE00001340512	1	963
ENSG00000186790	ENST00000335071	ENSE00001338032	1	1768
ENSG00000187005	ENST00000335093	ENSE00001339229	1	414
ENSG00000185972	ENST00000335119	ENSE00001334442	1	1947
ENSG00000186844	ENST00000335123	ENSE00001333081	1	625
ENSG00000221954	ENST00000335238	ENSE00002156972	1	1063
ENSG00000186113	ENST00000335605	ENSE00001335953	1	945
ENSG00000187238	ENST00000335633	ENSE00001338458	1	288
ENSG00000185962	ENST00000335674	ENSE00001338480	1	270
ENSG00000188573	ENST00000338333	ENSE00003379479	1	1330
ENSG00000189401	ENST00000338352	ENSE00001365531	1	1723
ENSG00000187475	ENST00000338379	ENSE00001379722	1	724
ENSG00000189037	ENST00000339042	ENSE00001366587	1	868
ENSG00000189299	ENST00000339140	ENSE00001371789	1	2793
ENSG00000175793	ENST00000339276	ENSE00001406083	1	1308
ENSG00000187969	ENST00000339534	ENSE00001374013	1	855
ENSG00000189030	ENST00000339922	ENSE00001372006	1	684
ENSG00000188694	ENST00000340345	ENSE00001384913	1	1642
ENSG00000188375	ENST00000340398	ENSE00001378774	1	1114
ENSG00000189369	ENST00000340438	ENSE00001377397	1	2791
ENSG00000189139	ENST00000340446	ENSE00001367273	1	3135
ENSG00000187566	ENST00000340650	ENSE00001967327	1	2238
ENSG00000239590	ENST00000340750	ENSE00001380709	1	942
ENSG00000188425	ENST00000341294	ENSE00001374579	1	1565
ENSG00000187372	ENST00000341948	ENSE00002264409	1	5061
ENSG00000278889	ENST00000341959	ENSE00001388448	1	1047
ENSG00000176435	ENST00000342213	ENSE00001374284	1	2094
ENSG00000187559	ENST00000342833	ENSE00001702443	1	2218
ENSG00000187601	ENST00000342972	ENSE00001380673	1	1440
ENSG00000198271	ENST00000343246	ENSE00001420899	1	902
ENSG00000187837	ENST00000343677	ENSE00001306765	1	731
ENSG00000189134	ENST00000343684	ENSE00001384451	1	1662
ENSG00000187808	ENST00000343905	ENSE00001388439	1	1615
ENSG00000188277	ENST00000344320	ENSE00001378058	1	2470
ENSG00000221880	ENST00000344363	ENSE00001475004	1	991
ENSG00000187612	ENST00000344514	ENSE00001271651	1	933
ENSG00000188763	ENST00000344575	ENSE00001387101	1	2343
ENSG00000187747	ENST00000345043	ENSE00001263967	1	1008
ENSG00000196196	ENST00000354323	ENSE00001408309	1	935
ENSG00000277858	ENST00000354514	ENSE00001744885	1	591
ENSG00000197238	ENST00000355057	ENSE00001409947	1	389
ENSG00000198390	ENST00000355459	ENSE00001403567	1	792
ENSG00000197557	ENST00000355689	ENSE00001406487	1	5744
ENSG00000197591	ENST00000355784	ENSE00001278495	1	969
ENSG00000198142	ENST00000356454	ENSE00001417054	1	4627
ENSG00000198435	ENST00000356628	ENSE00001401563	1	2641
ENSG00000197903	ENST00000356950	ENSE00001986308	1	495
ENSG00000186803	ENST00000357374	ENSE00001419472	1	963
ENSG00000197786	ENST00000357377	ENSE00001412966	1	946
ENSG00000198173	ENST00000358047	ENSE00001412151	1	3299
ENSG00000196570	ENST00000358571	ENSE00001410937	1	553
ENSG00000196578	ENST00000358642	ENSE00001404952	1	930
ENSG00000196475	ENST00000358842	ENSE00001407062	1	1868
ENSG00000198642	ENST00000359039	ENSE00001422509	1	5740
ENSG00000132446	ENST00000359202	ENSE00001431309	1	809
ENSG00000196539	ENST00000359594	ENSE00001691264	1	957
ENSG00000198445	ENST00000359963	ENSE00001806026	1	2060
ENSG00000198354	ENST00000360028	ENSE00001421022	1	2791
ENSG00000196734	ENST00000360090	ENSE00001421676	1	1138
ENSG00000197790	ENST00000360213	ENSE00001420191	1	954
ENSG00000238243	ENST00000360358	ENSE00001410647	1	945
ENSG00000197683	ENST00000360542	ENSE00001402413	1	1192
ENSG00000197629	ENST00000361050	ENSE00001412014	1	4418
ENSG00000198934	ENST00000361470	ENSE00001435360	1	3633
ENSG00000198812	ENST00000361484	ENSE00001434811	1	2344
ENSG00000221852	ENST00000361883	ENSE00001475002	1	1183
ENSG00000162727	ENST00000366476	ENSE00002314277	1	939
ENSG00000116903	ENST00000366645	ENSE00001442235	1	5100
ENSG00000168148	ENST00000366696	ENSE00001442338	1	516
ENSG00000120436	ENST00000366834	ENSE00001442718	1	2734
ENSG00000178395	ENST00000366875	ENSE00001442870	1	2051
ENSG00000174529	ENST00000367167	ENSE00001443672	1	1332
ENSG00000203730	ENST00000367565	ENSE00001445039	1	2551
ENSG00000169976	ENST00000367569	ENSE00002049869	1	690
ENSG00000162783	ENST00000367577	ENSE00001445067	1	4201
ENSG00000177468	ENST00000367734	ENSE00001445513	1	2196
ENSG00000173080	ENST00000368318	ENSE00001446861	1	1450
ENSG00000189241	ENST00000368608	ENSE00001447547	1	5073
ENSG00000198854	ENST00000368775	ENSE00001447937	1	949
ENSG00000043591	ENST00000369295	ENSE00001449426	1	3039
ENSG00000134249	ENST00000369400	ENSE00001449954	1	2983
ENSG00000274791	ENST00000369505	ENSE00001797540	1	1116
ENSG00000177272	ENST00000369769	ENSE00001450842	1	2476
ENSG00000143105	ENST00000369771	ENSE00001450849	1	1959
ENSG00000135312	ENST00000369947	ENSE00001451305	1	2568
ENSG00000132825	ENST00000370996	ENSE00001454080	1	3643
ENSG00000181274	ENST00000371019	ENSE00001454131	1	2233
ENSG00000187140	ENST00000371116	ENSE00001454381	1	2562
ENSG00000177606	ENST00000371222	ENSE00001454665	1	3257
ENSG00000184292	ENST00000371225	ENSE00001454677	1	1820
ENSG00000125352	ENST00000371442	ENSE00001455235	1	1259
ENSG00000138135	ENST00000371852	ENSE00001456308	1	1689
ENSG00000188483	ENST00000372491	ENSE00001457937	1	2710
ENSG00000175283	ENST00000372586	ENSE00001458157	1	2074
ENSG00000179862	ENST00000372638	ENSE00001458283	1	1310
ENSG00000124659	ENST00000372876	ENSE00001458875	1	1606
ENSG00000185668	ENST00000373012	ENSE00001459297	1	2965
ENSG00000204103	ENST00000373313	ENSE00001460189	1	3389
ENSG00000186675	ENST00000373359	ENSE00001460378	1	2268
ENSG00000186462	ENST00000373517	ENSE00001460742	1	2553
ENSG00000186288	ENST00000373519	ENSE00001460745	1	2237
ENSG00000184388	ENST00000373521	ENSE00001460750	1	3168
ENSG00000179774	ENST00000373673	ENSE00001461199	1	1519
ENSG00000171501	ENST00000373688	ENSE00001461233	1	1103
ENSG00000181915	ENST00000373783	ENSE00001461538	1	3760
ENSG00000148156	ENST00000374667	ENSE00001464207	1	1399
ENSG00000277556	ENST00000374779	ENSE00002220636	1	957
ENSG00000236981	ENST00000375024	ENSE00002438214	1	936
ENSG00000178828	ENST00000375121	ENSE00001465820	1	1255
ENSG00000178919	ENST00000375123	ENSE00001465823	1	3492
ENSG00000204439	ENST00000375911	ENSE00001693897	1	2481
ENSG00000179772	ENST00000375978	ENSE00001469024	1	1302
ENSG00000204612	ENST00000376708	ENSE00001471429	1	1299
ENSG00000125285	ENST00000376945	ENSE00001472209	1	2924
ENSG00000178726	ENST00000377103	ENSE00001472793	1	4040
ENSG00000204687	ENST00000377127	ENSE00001758596	1	1260
ENSG00000204703	ENST00000377173	ENSE00001617449	1	1106
ENSG00000204779	ENST00000377420	ENSE00001681769	1	3109
ENSG00000132631	ENST00000377428	ENSE00001473882	1	596
ENSG00000274997	ENST00000377459	ENSE00001473999	1	457
ENSG00000178695	ENST00000377474	ENSE00001474056	1	6231
ENSG00000239886	ENST00000377721	ENSE00001474940	1	1005
ENSG00000244537	ENST00000377726	ENSE00001508571	1	776
ENSG00000278588	ENST00000377733	ENSE00001474974	1	482
ENSG00000197061	ENST00000377803	ENSE00001475159	1	405
ENSG00000204950	ENST00000378075	ENSE00001476176	1	2270
ENSG00000102055	ENST00000378131	ENSE00001476370	1	798
ENSG00000205029	ENST00000378396	ENSE00001477316	1	987
ENSG00000205030	ENST00000378397	ENSE00001791207	1	936
ENSG00000169717	ENST00000378404	ENSE00001477363	1	1437
ENSG00000198944	ENST00000378693	ENSE00001478429	1	3485
ENSG00000176022	ENST00000379198	ENSE00001480062	1	2805
ENSG00000120696	ENST00000379483	ENSE00001481257	1	4736
ENSG00000165572	ENST00000379485	ENSE00001481262	1	5234
ENSG00000185915	ENST00000379499	ENSE00001481325	1	3641
ENSG00000125817	ENST00000379751	ENSE00001482363	1	2890
ENSG00000180138	ENST00000379800	ENSE00001482541	1	2406
ENSG00000170782	ENST00000379829	ENSE00001482659	1	995
ENSG00000180660	ENST00000379919	ENSE00001483015	1	2901
ENSG00000178015	ENST00000380007	ENSE00001483357	1	2056
ENSG00000120242	ENST00000380205	ENSE00001484098	1	1069
ENSG00000188379	ENST00000380206	ENSE00001484102	1	1144
ENSG00000147885	ENST00000380216	ENSE00001484124	1	939
ENSG00000176239	ENST00000380219	ENSE00001484131	1	939
ENSG00000228083	ENST00000380222	ENSE00000927978	1	1004
ENSG00000137080	ENST00000380225	ENSE00001484149	1	1024
ENSG00000171855	ENST00000380232	ENSE00001484173	1	839
ENSG00000178372	ENST00000380332	ENSE00001484579	1	874
ENSG00000205495	ENST00000380370	ENSE00001484673	1	936
ENSG00000205496	ENST00000380371	ENSE00001798291	1	942
ENSG00000155876	ENST00000380527	ENSE00001485334	1	1599
ENSG00000205808	ENST00000381883	ENSE00001490142	1	2965
ENSG00000205864	ENST00000382160	ENSE00001491080	1	561
ENSG00000205869	ENST00000382171	ENSE00001491105	1	942
ENSG00000177710	ENST00000382435	ENSE00001492046	1	1349
ENSG00000206102	ENST00000382822	ENSE00001493459	1	318
ENSG00000206104	ENST00000382826	ENSE00001493466	1	273
ENSG00000206105	ENST00000382828	ENSE00001493468	1	224
ENSG00000206106	ENST00000382830	ENSE00001493474	1	293
ENSG00000206107	ENST00000382835	ENSE00001493501	1	682
ENSG00000184895	ENST00000383070	ENSE00001494622	1	828
ENSG00000206260	ENST00000383163	ENSE00001495173	1	2307
ENSG00000176125	ENST00000388761	ENSE00001503871	1	995
ENSG00000196544	ENST00000389017	ENSE00001504684	1	1836
ENSG00000176396	ENST00000390658	ENSE00001508568	1	1455
ENSG00000171396	ENST00000390661	ENSE00001508572	1	1100
ENSG00000184351	ENST00000390689	ENSE00001508612	1	662
ENSG00000212658	ENST00000391353	ENSE00001491908	1	1026
ENSG00000196156	ENST00000391356	ENSE00001509138	1	991
ENSG00000212721	ENST00000391413	ENSE00001509197	1	1193
ENSG00000212724	ENST00000391418	ENSE00001509200	1	875
ENSG00000212747	ENST00000391440	ENSE00001509222	1	2030
ENSG00000212899	ENST00000391586	ENSE00001509365	1	735
ENSG00000212900	ENST00000391587	ENSE00001509366	1	714
ENSG00000212938	ENST00000391624	ENSE00001509402	1	636
ENSG00000213416	ENST00000394014	ENSE00001615097	1	1092
ENSG00000213417	ENST00000394015	ENSE00001517235	1	764
ENSG00000172772	ENST00000395079	ENSE00001520516	1	1469
ENSG00000165215	ENST00000395145	ENSE00001520709	1	1274
ENSG00000176410	ENST00000395176	ENSE00001520810	1	2536
ENSG00000146676	ENST00000395699	ENSE00001522527	1	9232
ENSG00000182405	ENST00000397766	ENSE00001294545	1	6604
ENSG00000205439	ENST00000397907	ENSE00001370311	1	410
ENSG00000204572	ENST00000398531	ENSE00001533489	1	1173
ENSG00000241233	ENST00000398534	ENSE00001533511	1	1185
ENSG00000244411	ENST00000398536	ENSE00001533519	1	1403
ENSG00000206203	ENST00000399635	ENSE00001539405	1	1315
ENSG00000196224	ENST00000399685	ENSE00001539621	1	899
ENSG00000182816	ENST00000399889	ENSE00001540640	1	882
ENSG00000156284	ENST00000399899	ENSE00001540688	1	2092
ENSG00000232196	ENST00000399974	ENSE00002313289	1	1690
ENSG00000219607	ENST00000405617	ENSE00001552642	1	4147
ENSG00000221900	ENST00000408890	ENSE00001572895	1	1293
ENSG00000222028	ENST00000408907	ENSE00001734086	1	1849
ENSG00000221821	ENST00000408925	ENSE00001574993	1	557
ENSG00000196659	ENST00000408939	ENSE00001570879	1	3799
ENSG00000221937	ENST00000408947	ENSE00001569176	1	1043
ENSG00000221869	ENST00000408965	ENSE00002241668	1	1252
ENSG00000221916	ENST00000408991	ENSE00001566324	1	742
ENSG00000222018	ENST00000410005	ENSE00001579649	1	961
ENSG00000222014	ENST00000410061	ENSE00001588213	1	3073
ENSG00000204873	ENST00000411528	ENSE00001474938	1	1006
ENSG00000205867	ENST00000412090	ENSE00001667178	1	1118
ENSG00000224960	ENST00000412172	ENSE00001711439	1	3135
ENSG00000233701	ENST00000413199	ENSE00001726383	1	2791
ENSG00000234829	ENST00000413767	ENSE00001770212	1	980
ENSG00000227551	ENST00000415041	ENSE00001680713	1	1593
ENSG00000232263	ENST00000416044	ENSE00001729371	1	370
ENSG00000196289	ENST00000419583	ENSE00001707793	1	1296
ENSG00000187189	ENST00000420283	ENSE00001607063	1	4112
ENSG00000271079	ENST00000420911	ENSE00003643189	1	2587
ENSG00000228594	ENST00000422725	ENSE00001792737	1	2124
ENSG00000169067	ENST00000423391	ENSE00001649584	1	2794
ENSG00000175718	ENST00000424776	ENSE00001785091	1	3459
ENSG00000188613	ENST00000425699	ENSE00001595403	1	4017
ENSG00000226479	ENST00000426077	ENSE00001594122	1	5922
ENSG00000228672	ENST00000434752	ENSE00001788179	1	4513
ENSG00000215174	ENST00000434992	ENSE00001539840	1	3194
ENSG00000226650	ENST00000435029	ENSE00001805089	1	4387
ENSG00000223496	ENST00000435634	ENSE00001653290	1	5163
ENSG00000235376	ENST00000441178	ENSE00002292755	1	2130
ENSG00000226372	ENST00000441525	ENSE00001756126	1	3458
ENSG00000231068	ENST00000444335	ENSE00001667917	1	253
ENSG00000234469	ENST00000445307	ENSE00001737291	1	995
ENSG00000213937	ENST00000445369	ENSE00001725039	1	1583
ENSG00000236398	ENST00000446620	ENSE00001762990	1	1017
ENSG00000235268	ENST00000450979	ENSE00001783902	1	2339
ENSG00000235863	ENST00000451237	ENSE00001779507	1	1703
ENSG00000234224	ENST00000455783	ENSE00001771949	1	2147
ENSG00000226784	ENST00000458128	ENSE00001803157	1	1690
ENSG00000244020	ENST00000464121	ENSE00001908246	1	339
ENSG00000271321	ENST00000470691	ENSE00003554265	1	2608
ENSG00000223658	ENST00000475092	ENSE00001862661	1	1279
ENSG00000179918	ENST00000478753	ENSE00001219630	1	2244
ENSG00000247315	ENST00000500893	ENSE00001977652	1	2752
ENSG00000251380	ENST00000503143	ENSE00002043461	1	3135
ENSG00000249992	ENST00000503771	ENSE00002028020	1	1822
ENSG00000228856	ENST00000504104	ENSE00002039371	1	1593
ENSG00000231051	ENST00000504543	ENSE00002067388	1	1593
ENSG00000179886	ENST00000504548	ENSE00003525471	1	5394
ENSG00000227140	ENST00000507227	ENSE00002053022	1	1593
ENSG00000112273	ENST00000510882	ENSE00002081119	1	2101
ENSG00000231637	ENST00000511681	ENSE00002028187	1	1593
ENSG00000249860	ENST00000512524	ENSE00002257448	1	1687
ENSG00000235780	ENST00000515574	ENSE00002028504	1	1593
ENSG00000253598	ENST00000518568	ENSE00002098482	1	1428
ENSG00000253958	ENST00000519106	ENSE00002113555	1	2160
ENSG00000253719	ENST00000519948	ENSE00002122485	1	7596
ENSG00000253506	ENST00000521764	ENSE00002104459	1	799
ENSG00000231989	ENST00000522232	ENSE00002103948	1	2234
ENSG00000236125	ENST00000526929	ENSE00002187836	1	1593
ENSG00000237038	ENST00000527080	ENSE00002198101	1	1593
ENSG00000254997	ENST00000528743	ENSE00002152790	1	1189
ENSG00000255398	ENST00000528880	ENSE00002172588	1	2056
ENSG00000189431	ENST00000529419	ENSE00002149811	1	2804
ENSG00000230549	ENST00000529559	ENSE00002164335	1	1593
ENSG00000226430	ENST00000530447	ENSE00002180313	1	1683
ENSG00000255009	ENST00000530464	ENSE00002143242	1	1182
ENSG00000225327	ENST00000530484	ENSE00002159688	1	1593
ENSG00000255823	ENST00000536684	ENSE00002284940	1	1293
ENSG00000255690	ENST00000539664	ENSE00002268540	1	4973
ENSG00000161807	ENST00000541538	ENSE00002262061	1	936
ENSG00000185758	ENST00000541814	ENSE00002266673	1	663
ENSG00000276119	ENST00000542196	ENSE00002271723	1	957
ENSG00000255582	ENST00000542433	ENSE00002272088	1	1105
ENSG00000256222	ENST00000543500	ENSE00002247089	1	1052
ENSG00000256045	ENST00000545075	ENSE00002216763	1	1051
ENSG00000257138	ENST00000547270	ENSE00002392323	1	1143
ENSG00000205327	ENST00000548615	ENSE00002413206	1	939
ENSG00000257704	ENST00000552360	ENSE00002377826	1	839
ENSG00000258817	ENST00000555099	ENSE00002468127	1	1029
ENSG00000261594	ENST00000562197	ENSE00002609763	1	2931
ENSG00000259956	ENST00000563281	ENSE00002589139	1	6624
ENSG00000260325	ENST00000565659	ENSE00002601835	1	549
ENSG00000262628	ENST00000575751	ENSE00002651600	1	939
ENSG00000263353	ENST00000577856	ENSE00002715895	1	660
ENSG00000183153	ENST00000578689	ENSE00002729383	1	4086
ENSG00000279782	ENST00000581138	ENSE00002712617	1	785
ENSG00000271567	ENST00000581164	ENSE00003596303	1	785
ENSG00000228075	ENST00000585477	ENSE00002942000	1	3324
ENSG00000178093	ENST00000585580	ENSE00002812060	1	1330
ENSG00000269466	ENST00000598383	ENSE00003218967	1	982
ENSG00000234289	ENST00000599962	ENSE00003082382	1	467
ENSG00000223591	ENST00000602548	ENSE00003264129	1	1620
ENSG00000270170	ENST00000602845	ENSE00003254567	1	870
ENSG00000271824	ENST00000607574	ENSE00003696591	1	1695
ENSG00000273238	ENST00000610212	ENSE00003703066	1	2416
ENSG00000275183	ENST00000611161	ENSE00003720421	1	2047
ENSG00000275663	ENST00000611444	ENSE00003754862	1	386
ENSG00000273542	ENST00000611927	ENSE00003721186	1	387
ENSG00000287080	ENST00000612966	ENSE00003739579	1	486
ENSG00000275714	ENST00000613854	ENSE00003750152	1	508
ENSG00000277157	ENST00000614247	ENSE00003738007	1	403
ENSG00000278463	ENST00000615868	ENSE00003740156	1	527
ENSG00000276410	ENST00000615966	ENSE00003741767	1	487
ENSG00000274641	ENST00000616182	ENSE00003717748	1	467
ENSG00000275379	ENST00000616365	ENSE00003747258	1	502
ENSG00000278637	ENST00000617569	ENSE00001415763	1	402
ENSG00000277775	ENST00000618052	ENSE00003721828	1	494
ENSG00000275126	ENST00000618305	ENSE00003740064	1	387
ENSG00000275221	ENST00000618958	ENSE00003754196	1	496
ENSG00000275793	ENST00000619918	ENSE00003738661	1	6105
ENSG00000274183	ENST00000620016	ENSE00003719914	1	587
ENSG00000274286	ENST00000620793	ENSE00003744297	1	3696
ENSG00000273703	ENST00000621112	ENSE00003744294	1	468
ENSG00000274749	ENST00000621162	ENSE00003748555	1	721
ENSG00000286522	ENST00000621411	ENSE00003712382	1	511
ENSG00000273604	ENST00000621654	ENSE00003729537	1	3255
ENSG00000273820	ENST00000621775	ENSE00003718369	1	3075
ENSG00000256537	ENST00000622602	ENSE00003738263	1	4823
ENSG00000277150	ENST00000622749	ENSE00003730157	1	1707
ENSG00000279111	ENST00000623167	ENSE00003786332	1	981
ENSG00000279961	ENST00000623286	ENSE00003785276	1	975
ENSG00000278870	ENST00000623849	ENSE00003755280	1	966
ENSG00000279514	ENST00000623907	ENSE00003785977	1	933
ENSG00000279263	ENST00000623922	ENSE00003760063	1	939
ENSG00000279761	ENST00000623930	ENSE00003788189	1	945
ENSG00000221996	ENST00000624801	ENSE00001568512	1	1124
ENSG00000279270	ENST00000624978	ENSE00003790717	1	948
ENSG00000279395	ENST00000625203	ENSE00003755286	1	1110
ENSG00000283093	ENST00000634648	ENSE00003788822	1	1620
ENSG00000283644	ENST00000635820	ENSE00003791843	1	180
ENSG00000203661	ENST00000641363	ENSE00003813669	1	2525
ENSG00000196767	ENST00000644024	ENSE00003818932	1	3838
ENSG00000054598	ENST00000645831	ENSE00003817315	1	3983
ENSG00000183770	ENST00000648323	ENSE00003835336	1	2914
ENSG00000182636	ENST00000649030	ENSE00003831752	1	1906
ENSG00000176692	ENST00000649859	ENSE00003833813	1	2900
ENSG00000254585	ENST00000650528	ENSE00003833977	1	4319
